name,year,attendee_count
Alton Towers,2023,2350000
Alton Towers,2022,2300000
Alton Towers,2021,1800000
Alton Towers,2020,670000
Alton Towers,2019,2520000
Alton Towers,2018,2200000
Alton Towers,2017,1860000
Alton Towers,2016,1710000
Alton Towers,2015,1950000
Alton Towers,2014,2290000
Alton Towers,2013,2600000
Alton Towers,2012,2400000
Alton Towers,2011,2710000
Alton Towers,2010,3080000
Alton Towers,2009,2680000
Alton Towers,2008,2600000
Alton Towers,2007,2230000
Alton Towers,2006,2210000
Alton Towers,2005,2190000
Alton Towers,2004,2120000
Alton Towers,2003,2540000
Alton Towers,2002,2670000
Alton Towers,2001,2170000
Alton Towers,2000,2410000
Alton Towers,1999,2610000
Alton Towers,1998,2900000
Alton Towers,1997,2890000
Alton Towers,1996,2890000
Alton Towers,1995,2850000
Alton Towers,1994,3310000
Alton Towers,1993,2850000
Alton Towers,1992,2640000
Alton Towers,1991,1820000
Alton Towers,1990,1930000
Alton Towers,1989,2440000
Alton Towers,1988,2890000
Alton Towers,1987,2310000
Alton Towers,1986,2250000
Alton Towers,1985,1810000
Alton Towers,1984,1830000
Thorpe Park,2023,1620000
Thorpe Park,2022,1600000
Thorpe Park,2021,1700000
Thorpe Park,2020,600000
Thorpe Park,2019,1490000
Thorpe Park,2018,1590000
Thorpe Park,2017,1540000
Thorpe Park,2016,1620000
Thorpe Park,2015,1510000
Thorpe Park,2014,1830000
Thorpe Park,2013,1770000
Thorpe Park,2012,1820000
Thorpe Park,2011,2110000
Thorpe Park,2010,2170000
Thorpe Park,2009,2110000
Thorpe Park,2008,1820000
Thorpe Park,2007,1830000
Thorpe Park,2006,1790000
Thorpe Park,2005,1570000
Thorpe Park,2004,1470000
Thorpe Park,2003,1530000
Thorpe Park,2002,1420000
Thorpe Park,2001,1170000
Thorpe Park,2000,922000
Thorpe Park,1999,906000
Thorpe Park,1998,880000
Thorpe Park,1997,943000
Thorpe Park,1996,1170000
Thorpe Park,1995,1130000
Thorpe Park,1994,1210000
Thorpe Park,1993,1250000
Thorpe Park,1992,1100000
Thorpe Park,1991,959000
Thorpe Park,1990,1000000
Thorpe Park,1989,1350000
Thorpe Park,1988,1180000
Thorpe Park,1987,1100000
Thorpe Park,1986,1100000
Thorpe Park,1985,1100000
Thorpe Park,1984,1040000
Thorpe Park,1983,828000
Chessington World of Adventures,2022,1500000
Chessington World of Adventures,2021,1450000
Chessington World of Adventures,2020,510000
Chessington World of Adventures,2019,1660000
Chessington World of Adventures,2018,1560000
Chessington World of Adventures,2017,1500000
Chessington World of Adventures,2016,1430000
Chessington World of Adventures,2015,1420000
Chessington World of Adventures,2014,1540000
Chessington World of Adventures,2013,1520000
Chessington World of Adventures,2012,1390000
Chessington World of Adventures,2011,1500000
Chessington World of Adventures,2010,1430000
Chessington World of Adventures,2009,1330000
Chessington World of Adventures,2008,1250000
Chessington World of Adventures,2007,962000
Chessington World of Adventures,2006,1010000
Chessington World of Adventures,2005,1080000
Chessington World of Adventures,2004,1230000
Chessington World of Adventures,2003,1290000
Chessington World of Adventures,2002,1280000
Chessington World of Adventures,2001,1550000
Chessington World of Adventures,2000,1590000
Chessington World of Adventures,1999,1660000
Chessington World of Adventures,1998,1820000
Chessington World of Adventures,1997,1840000
Chessington World of Adventures,1996,1790000
Chessington World of Adventures,1995,1870000
Chessington World of Adventures,1994,1660000
Chessington World of Adventures,1993,1510000
Chessington World of Adventures,1992,1210000
Chessington World of Adventures,1991,1450000
Chessington World of Adventures,1990,1050000
Chessington World of Adventures,1989,1240000
Chessington World of Adventures,1988,1180000
Chessington World of Adventures,1987,848000
Chessington World of Adventures,1986,495000
Chessington World of Adventures,1985,555000
Chessington World of Adventures,1984,615000
Disneyland Park Paris,2023,10400000
Disneyland Park Paris,2022,9930000
Disneyland Park Paris,2021,3500000
Disneyland Park Paris,2020,2620000
Disneyland Park Paris,2019,9745000
Disneyland Park Paris,2018,9843000
Disneyland Park Paris,2017,9660000
Disneyland Park Paris,2016,8400000
Disneyland Park Paris,2015,9790000
Disneyland Park Paris,2014,9940000
Disneyland Park Paris,2013,10430000
Disneyland Park Paris,2012,11200000
Disneyland Park Paris,2011,10990000
Disneyland Park Paris,2010,10500000
Disneyland Park Paris,2009,12740000
Disneyland Park Paris,2008,12688000
Disneyland Park Paris,2007,12000000
Disneyland Park Paris,2006,10600000
Epcot,2023,11980000
Epcot,2022,10000000
Epcot,2021,7752000
Epcot,2020,4044000
Epcot,2019,12444000
Epcot,2018,12444000
Epcot,2017,12200000
Epcot,2016,11712000
Epcot,2015,11798000
Epcot,2014,11454000
Epcot,2013,11229000
Epcot,2012,11063000
Epcot,2011,10825000
Epcot,2010,10825000
Epcot,2009,10990000
Epcot,2008,10935000
Epcot,2007,10930000
Epcot,2006,10460000
Disney Magic Kingdom,2023,17720000
Disney Magic Kingdom,2022,17133000
Disney Magic Kingdom,2021,12691000
Disney Magic Kingdom,2020,6941000
Disney Magic Kingdom,2019,20963000
Disney Magic Kingdom,2018,20859000
Disney Magic Kingdom,2017,20450000
Disney Magic Kingdom,2016,20395000
Disney Magic Kingdom,2015,20492000
Disney Magic Kingdom,2014,19332000
Disney Magic Kingdom,2013,18588000
Disney Magic Kingdom,2012,17536000
Disney Magic Kingdom,2011,17142000
Disney Magic Kingdom,2010,16972000
Disney Magic Kingdom,2009,17233000
Disney Magic Kingdom,2008,17063000
Disney Magic Kingdom,2007,17060000
Disney Magic Kingdom,2006,16640000
Disney Hollywood Studios,2023,10300000
Disney Hollywood Studios,2022,10900000
Disney Hollywood Studios,2021,8589000
Disney Hollywood Studios,2020,3675000
Disney Hollywood Studios,2019,11483000
Disney Hollywood Studios,2018,11258000
Disney Hollywood Studios,2017,10722000
Disney Hollywood Studios,2016,10776000
Disney Hollywood Studios,2015,10828000
Disney Hollywood Studios,2014,10312000
Disney Hollywood Studios,2013,10110000
Disney Hollywood Studios,2012,9912000
Disney Hollywood Studios,2011,9699000
Disney Hollywood Studios,2010,9603000
Disney Hollywood Studios,2009,9700000
Disney Hollywood Studios,2008,9608000
Disney Hollywood Studios,2007,9510000
Disney Hollywood Studios,2006,9100000
Animal Kingdom,2023,8770000
Animal Kingdom,2022,9027000
Animal Kingdom,2021,7194000
Animal Kingdom,2020,4166000
Animal Kingdom,2019,13888000
Animal Kingdom,2018,13750000
Animal Kingdom,2017,12500000
Animal Kingdom,2016,10844000
Animal Kingdom,2015,10922000
Animal Kingdom,2014,10402000
Animal Kingdom,2013,10198000
Animal Kingdom,2012,9998000
Animal Kingdom,2011,9783000
Animal Kingdom,2010,9686000
Animal Kingdom,2009,9590000
Animal Kingdom,2008,9540000
Animal Kingdom,2007,9490000
Animal Kingdom,2006,8910000
Parc Astérix,2023,2815000
Parc Astérix,2022,2632000
Parc Astérix,2021,1300000
Parc Astérix,2020,1163000
Parc Astérix,2019,2326000
Parc Astérix,2018,2174000
Parc Astérix,2017,2000000
Parc Astérix,2016,1850000
Parc Astérix,2015,1850000
Parc Astérix,2014,1800000
Parc Astérix,2013,1620000
Parc Astérix,2012,1723000
Parc Astérix,2011,1595000
Parc Astérix,2010,1663000
Parc Astérix,2009,1820000
Parc Astérix,2008,1800000
Parc Astérix,2007,1620000
Parc Astérix,2006,1800000
Liseberg,2023,2300000
Liseberg,2022,2500000
Liseberg,2021,1447000
Liseberg,2020,0
Liseberg,2019,2950000
Liseberg,2018,3055000
Liseberg,2017,3061000
Liseberg,2016,3070000
Liseberg,2015,3052000
Liseberg,2014,3100000
Liseberg,2013,2860000
Liseberg,2012,2800000
Liseberg,2011,2900000
Liseberg,2010,2900000
Liseberg,2009,3150000
Liseberg,2008,3050000
Liseberg,2007,3050000
Liseberg,2006,2950000
Gardaland,2023,3070000
Gardaland,2022,2950000
Gardaland,2021,2200000
Gardaland,2020,1350000
Gardaland,2019,2920000
Gardaland,2018,2900000
Gardaland,2017,2600000
Gardaland,2016,2880000
Gardaland,2015,2850000
Gardaland,2014,2750000
Gardaland,2013,2700000
Gardaland,2012,2700000
Gardaland,2011,3000000
Gardaland,2010,2800000
Gardaland,2009,2900000
Gardaland,2008,3100000
Gardaland,2007,3100000
Gardaland,2006,3100000
Hersheypark,2023,3321000
Hersheypark,2022,3223000
Hersheypark,2021,3012000
Hersheypark,2020,1717000
Hersheypark,2019,3384000
Hersheypark,2018,3367000
Hersheypark,2017,3301000
Hersheypark,2016,3276000
Hersheypark,2015,3276000
Hersheypark,2014,3212000
Hersheypark,2013,3180000
Hersheypark,2012,3140000
Hersheypark,2011,2949000
Hersheypark,2010,2891000
Hersheypark,2009,2807000
Hersheypark,2008,2842000
Hersheypark,2007,2940000
Hersheypark,2006,2690000
Disneyland,2023,17250000
Disneyland,2022,16881000
Disneyland,2021,8573000
Disneyland,2020,3674000
Disneyland,2019,18666000
Disneyland,2018,18666000
Disneyland,2017,18300000
Disneyland,2016,17943000
Disneyland,2015,18278000
Disneyland,2014,16769000
Disneyland,2013,16202000
Disneyland,2012,15963000
Disneyland,2011,16140000
Disneyland,2010,15980000
Disneyland,2009,15900000
Disneyland,2008,14721000
Disneyland,2007,14870000
Disneyland,2006,14730000
Disney California Adventure,2023,10000000
Disney California Adventure,2022,9000000
Disney California Adventure,2021,4977000
Disney California Adventure,2020,1919000
Disney California Adventure,2019,9861000
Disney California Adventure,2018,9861000
Disney California Adventure,2017,9574000
Disney California Adventure,2016,9295000
Disney California Adventure,2015,9383000
Disney California Adventure,2014,8769000
Disney California Adventure,2013,8514000
Disney California Adventure,2012,7775000
Disney California Adventure,2011,6341000
Disney California Adventure,2010,6278000
Disney California Adventure,2009,6050000
Disney California Adventure,2008,5566000
Disney California Adventure,2007,5680000
Disney California Adventure,2006,5950000
PortAventura Park,2023,3975000
PortAventura Park,2022,3750000
PortAventura Park,2021,2400000
PortAventura Park,2020,700000
PortAventura Park,2019,3750000
PortAventura Park,2018,3650000
PortAventura Park,2017,3650000
PortAventura Park,2016,3600000
PortAventura Park,2015,3600000
PortAventura Park,2014,3500000
PortAventura Park,2013,3400000
PortAventura Park,2012,3540000
PortAventura Park,2011,3522000
PortAventura Park,2010,3050000
PortAventura Park,2009,3000000
PortAventura Park,2008,3300000
PortAventura Park,2007,3700000
PortAventura Park,2006,3500000
Seaworld San Diego,2023,3990000
Seaworld San Diego,2022,3507000
Seaworld San Diego,2021,2800000
Seaworld San Diego,2020,1139000
Seaworld San Diego,2019,3742000
Seaworld San Diego,2018,3723000
Seaworld San Diego,2017,3100000
Seaworld San Diego,2016,3600000
Seaworld San Diego,2015,3528000
Seaworld San Diego,2014,3794000
Seaworld San Diego,2013,4311000
Seaworld San Diego,2012,4444000
Seaworld San Diego,2011,4294000
Seaworld San Diego,2010,3800000
Seaworld San Diego,2009,4200000
Seaworld San Diego,2008,4147000
Seaworld San Diego,2007,4260000
Seaworld San Diego,2006,4260000
Seaworld Orlando,2023,4342000
Seaworld Orlando,2022,4454000
Seaworld Orlando,2021,3051000
Seaworld Orlando,2020,1598000
Seaworld Orlando,2019,4640000
Seaworld Orlando,2018,4594000
Seaworld Orlando,2017,3962000
Seaworld Orlando,2016,4402000
Seaworld Orlando,2015,4777000
Seaworld Orlando,2014,4683000
Seaworld Orlando,2013,5090000
Seaworld Orlando,2012,5358000
Seaworld Orlando,2011,5202000
Seaworld Orlando,2010,5100000
Seaworld Orlando,2009,5800000
Seaworld Orlando,2008,5926000
Seaworld Orlando,2007,5800000
Seaworld Orlando,2006,5740000
Seaworld San Antonio,2011,2600000
Seaworld San Antonio,2010,2600000
Busch Gardens Williamsburg,2014,2699000
Busch Gardens Williamsburg,2013,2726000
Busch Gardens Williamsburg,2012,2854000
Busch Gardens Williamsburg,2011,2744000
Busch Gardens Williamsburg,2010,2800000
Busch Gardens Williamsburg,2009,2900000
Busch Gardens Williamsburg,2008,3094000
Busch Gardens Williamsburg,2007,3157000
Busch Gardens Tampa,2023,4000000
Busch Gardens Tampa,2022,4051000
Busch Gardens Tampa,2021,3210000
Busch Gardens Tampa,2020,1288000
Busch Gardens Tampa,2019,4180000
Busch Gardens Tampa,2018,4139000
Busch Gardens Tampa,2017,3961000
Busch Gardens Tampa,2016,4169000
Busch Gardens Tampa,2015,4252000
Busch Gardens Tampa,2014,4128000
Busch Gardens Tampa,2013,4087000
Busch Gardens Tampa,2012,4348000
Busch Gardens Tampa,2011,4284000
Busch Gardens Tampa,2010,4200000
Busch Gardens Tampa,2009,4100000
Busch Gardens Tampa,2008,4410000
Busch Gardens Tampa,2007,4400000
Busch Gardens Tampa,2006,4360000
Heide Park,2023,1680000
Heide Park,2022,1600000
Heide Park,2021,1300000
Heide Park,2020,950000
Heide Park,2019,1700000
Heide Park,2018,1660000
Heide Park,2017,1480000
Heide Park,2016,1540000
Heide Park,2015,1525000
Heide Park,2014,1475000
Heide Park,2013,1400000
Heide Park,2012,1300000
Heide Park,2011,1400000
Heide Park,2010,1350000
Heide Park,2009,1400000
Heide Park,2008,1330000
Heide Park,2007,1400000
Legoland Windsor,2023,2420000
Legoland Windsor,2022,2400000
Legoland Windsor,2021,1500000
Legoland Windsor,2020,450000
Legoland Windsor,2019,2070000
Legoland Windsor,2018,2140000
Legoland Windsor,2017,2310000
Legoland Windsor,2016,2190000
Legoland Windsor,2015,2360000
Legoland Windsor,2014,2310000
Legoland Windsor,2013,2310000
Legoland Windsor,2012,2040000
Legoland Windsor,2011,1910000
Legoland Windsor,2010,1910000
Legoland Windsor,2009,1910000
Legoland Windsor,2008,1870000
Legoland Windsor,2007,1490000
Legoland Windsor,2006,1620000
Legoland Windsor,2005,1500000
Legoland Windsor,2004,1440000
Legoland Windsor,2003,1440000
Legoland Windsor,2002,1580000
Legoland Windsor,2001,1520000
Legoland Windsor,2000,1670000
Legoland Windsor,1999,1510000
Legoland Windsor,1998,1300000
Legoland Windsor,1997,1470000
Walt Disney Studios Paris,2023,5700000
Walt Disney Studios Paris,2022,5340000
Walt Disney Studios Paris,2021,1884000
Walt Disney Studios Paris,2020,1410000
Walt Disney Studios Paris,2019,5245000
Walt Disney Studios Paris,2018,5298000
Walt Disney Studios Paris,2017,5200000
Walt Disney Studios Paris,2016,4970000
Walt Disney Studios Paris,2015,5050000
Walt Disney Studios Paris,2014,4260000
Walt Disney Studios Paris,2013,4470000
Walt Disney Studios Paris,2012,4800000
Walt Disney Studios Paris,2011,4710000
Walt Disney Studios Paris,2010,4500000
Walt Disney Studios Paris,2009,2655000
Walt Disney Studios Paris,2008,2612000
Walt Disney Studios Paris,2007,2500000
Walt Disney Studios Paris,2006,2200000
Shanghai Disney Resort,2023,14000000
Shanghai Disney Resort,2022,5300000
Shanghai Disney Resort,2021,8480000
Shanghai Disney Resort,2020,5500000
Shanghai Disney Resort,2019,11210000
Shanghai Disney Resort,2018,11800000
Shanghai Disney Resort,2017,11000000
Shanghai Disney Resort,2016,5600000
Shanghai Disney Resort,2015,0
Disneyland Hong Kong,2023,6400000
Disneyland Hong Kong,2022,3400000
Disneyland Hong Kong,2021,2800000
Disneyland Hong Kong,2020,1700000
Disneyland Hong Kong,2019,5695000
Disneyland Hong Kong,2018,6700000
Disneyland Hong Kong,2017,6200000
Disneyland Hong Kong,2016,6100000
Disneyland Hong Kong,2015,6800000
Disneyland Hong Kong,2014,7500000
Disneyland Hong Kong,2013,7400000
Disneyland Hong Kong,2012,6700000
Disneyland Hong Kong,2011,5900000
Disneyland Hong Kong,2010,5200000
Disneyland Hong Kong,2009,4600000
Disneyland Hong Kong,2008,4500000
Disneyland Hong Kong,2007,4150000
Disneyland Hong Kong,2006,5200000
Six Flags Magic Mountain,2023,3400000
Six Flags Magic Mountain,2022,2993000
Six Flags Magic Mountain,2021,3047000
Six Flags Magic Mountain,2020,686000
Six Flags Magic Mountain,2019,3610000
Six Flags Magic Mountain,2018,3592000
Six Flags Magic Mountain,2017,3500000
Six Flags Magic Mountain,2016,3332000
Six Flags Magic Mountain,2015,3104000
Six Flags Magic Mountain,2014,2848000
Six Flags Magic Mountain,2013,2906000
Six Flags Magic Mountain,2012,2808000
Six Flags Magic Mountain,2011,2700000
Six Flags Magic Mountain,2010,2600000
Six Flags Magic Mountain,2009,2500000
Six Flags Magic Mountain,2006,2550000
Six Flags Great Adventure,2023,2500000
Six Flags Great Adventure,2022,2153000
Six Flags Great Adventure,2021,2913000
Six Flags Great Adventure,2020,598000
Six Flags Great Adventure,2019,3451000
Six Flags Great Adventure,2018,3400000
Six Flags Great Adventure,2017,3400000
Six Flags Great Adventure,2016,3220000
Six Flags Great Adventure,2015,3052000
Six Flags Great Adventure,2014,2800000
Six Flags Great Adventure,2013,2800000
Six Flags Great Adventure,2012,2650000
Six Flags Great America,2023,3000000
Six Flags Great America,2022,2535000
Six Flags Great America,2021,2675000
Six Flags Great America,2020,0
Six Flags Great America,2019,3169000
Six Flags Great America,2018,3107000
Six Flags Great America,2017,3107000
Six Flags Great America,2016,2950000
Six Flags Great America,2015,2793000
Six Flags Mexico,2023,2021000
Six Flags Mexico,2022,1727000
Six Flags Mexico,2021,1125000
Six Flags Mexico,2020,701000
Six Flags Mexico,2019,2803000
Six Flags Mexico,2018,2789000
Six Flags Mexico,2017,2610000
Six Flags Mexico,2016,2486000
Six Flags Mexico,2015,2368000
Six Flags Mexico,2014,2368000
Six Flags Mexico,2013,2345000
Six Flags Mexico,2012,2310000
Six Flags Mexico,2011,2200000
Six Flags Mexico,2010,2000000
Six Flags Mexico,2009,1950000
Six Flags Mexico,2008,2020000
Six Flags Mexico,2007,2030000
Six Flags Mexico,2006,2054000
Cedar Point,2023,4050000
Cedar Point,2022,3444000
Cedar Point,2021,3327000
Cedar Point,2020,1020000
Cedar Point,2019,3731000
Cedar Point,2018,3676000
Cedar Point,2017,3604000
Cedar Point,2016,3604000
Cedar Point,2015,3507000
Cedar Point,2014,3247000
Cedar Point,2013,3382000
Cedar Point,2012,3221000
Cedar Point,2011,3143000
Cedar Point,2010,3051000
Cedar Point,2009,2942000
Cedar Point,2008,3198000
Cedar Point,2007,3120000
Cedar Point,2006,3070000
Europa Park,2023,6000000
Europa Park,2022,6000000
Europa Park,2021,3000000
Europa Park,2020,2500000
Europa Park,2019,5750000
Europa Park,2018,5720000
Europa Park,2017,5700000
Europa Park,2016,5600000
Europa Park,2015,5500000
Europa Park,2014,5000000
Europa Park,2013,4900000
Europa Park,2012,4600000
Europa Park,2011,4500000
Europa Park,2010,4250000
Europa Park,2009,4250000
Europa Park,2008,4000000
Europa Park,2007,4000000
Europa Park,2006,3950000
Legoland Billund,2023,2350000
Legoland Billund,2022,2242000
Legoland Billund,2021,850000
Legoland Billund,2020,700000
Legoland Billund,2019,1950000
Legoland Billund,2018,1850000
Legoland Billund,2017,2200000
Legoland Billund,2016,2091000
Legoland Billund,2015,2050000
Legoland Billund,2014,1925000
Legoland Billund,2013,1800000
Legoland Billund,2012,1650000
Legoland Billund,2011,1600000
Legoland Billund,2010,1650000
Legoland Billund,2009,1650000
Legoland Billund,2008,1650000
Legoland Billund,2007,1610000
Legoland Billund,2006,1460000
Phantasialand,2023,2140000
Phantasialand,2022,2100000
Phantasialand,2021,1180000
Phantasialand,2020,1000000
Phantasialand,2019,2050000
Phantasialand,2018,2000000
Phantasialand,2017,1995000
Phantasialand,2016,1995000
Phantasialand,2015,1900000
Phantasialand,2014,1845000
Phantasialand,2013,1750000
Phantasialand,2012,1750000
Phantasialand,2011,1750000
Phantasialand,2010,1850000
Phantasialand,2009,1950000
Phantasialand,2008,1900000
Phantasialand,2007,1900000
Phantasialand,2006,1900000
Canada's Wonderland,2023,3232000
Canada's Wonderland,2022,3768000
Canada's Wonderland,2021,587000
Canada's Wonderland,2020,0
Canada's Wonderland,2019,3950000
Canada's Wonderland,2018,3798000
Canada's Wonderland,2017,3760000
Canada's Wonderland,2016,3723000
Canada's Wonderland,2015,3617000
Canada's Wonderland,2014,3546000
Canada's Wonderland,2013,3582000
Canada's Wonderland,2012,3655000
Canada's Wonderland,2011,3481000
Canada's Wonderland,2010,3380000
Canada's Wonderland,2009,3160000
Canada's Wonderland,2008,3380000
Canada's Wonderland,2007,3250000
Canada's Wonderland,2006,3230000
Kings Island,2023,3488000
Kings Island,2022,3340000
Kings Island,2021,3181000
Kings Island,2020,1626000
Kings Island,2019,3521000
Kings Island,2018,3486000
Kings Island,2017,3469000
Kings Island,2016,3384000
Kings Island,2015,3335000
Kings Island,2014,3238000
Kings Island,2013,3206000
Kings Island,2012,3206000
Kings Island,2011,3143000
Kings Island,2010,3112000
Kings Island,2009,3000000
Kings Island,2008,3126000
Kings Island,2007,3050000
Kings Island,2006,3050000
Knott's Berry Farm,2023,4228000
Knott's Berry Farm,2022,3899000
Knott's Berry Farm,2021,3681000
Knott's Berry Farm,2020,811000
Knott's Berry Farm,2019,4238000
Knott's Berry Farm,2018,4115000
Knott's Berry Farm,2017,4034000
Knott's Berry Farm,2016,4014000
Knott's Berry Farm,2015,3867000
Knott's Berry Farm,2014,3683000
Knott's Berry Farm,2013,3683000
Knott's Berry Farm,2012,3508000
Knott's Berry Farm,2011,3654000
Knott's Berry Farm,2010,3600000
Knott's Berry Farm,2009,3333000
Knott's Berry Farm,2008,3565000
Knott's Berry Farm,2007,3630000
Knott's Berry Farm,2006,3670000
Islands Of Adventure At Universal Orlando,2023,10000000
Islands Of Adventure At Universal Orlando,2022,11025000
Islands Of Adventure At Universal Orlando,2021,9077000
Islands Of Adventure At Universal Orlando,2020,4005000
Islands Of Adventure At Universal Orlando,2019,10375000
Islands Of Adventure At Universal Orlando,2018,9788000
Islands Of Adventure At Universal Orlando,2017,9549000
Islands Of Adventure At Universal Orlando,2016,9362000
Islands Of Adventure At Universal Orlando,2015,8792000
Islands Of Adventure At Universal Orlando,2014,8141000
Islands Of Adventure At Universal Orlando,2013,8141000
Islands Of Adventure At Universal Orlando,2012,7981000
Islands Of Adventure At Universal Orlando,2011,7674000
Islands Of Adventure At Universal Orlando,2010,5949000
Islands Of Adventure At Universal Orlando,2009,4627000
Islands Of Adventure At Universal Orlando,2008,5297000
Islands Of Adventure At Universal Orlando,2007,5430000
Islands Of Adventure At Universal Orlando,2006,5300000
Universal Studios At Universal Orlando,2023,9750000
Universal Studios At Universal Orlando,2022,10750000
Universal Studios At Universal Orlando,2021,8987000
Universal Studios At Universal Orlando,2020,4096000
Universal Studios At Universal Orlando,2019,10922000
Universal Studios At Universal Orlando,2018,10708000
Universal Studios At Universal Orlando,2017,10198000
Universal Studios At Universal Orlando,2016,9998000
Universal Studios At Universal Orlando,2015,9585000
Universal Studios At Universal Orlando,2014,8263000
Universal Studios At Universal Orlando,2013,7062000
Universal Studios At Universal Orlando,2012,6195000
Universal Studios At Universal Orlando,2011,6044000
Universal Studios At Universal Orlando,2010,5925000
Universal Studios At Universal Orlando,2009,5530000
Universal Studios At Universal Orlando,2008,6231000
Universal Studios At Universal Orlando,2007,6200000
Universal Studios At Universal Orlando,2006,6000000
Universal Studios Hollywood,2023,9660000
Universal Studios Hollywood,2022,8400000
Universal Studios Hollywood,2021,5505000
Universal Studios Hollywood,2020,1299000
Universal Studios Hollywood,2019,9147000
Universal Studios Hollywood,2018,9147000
Universal Studios Hollywood,2017,9056000
Universal Studios Hollywood,2016,8086000
Universal Studios Hollywood,2015,7097000
Universal Studios Hollywood,2014,6824000
Universal Studios Hollywood,2013,6148000
Universal Studios Hollywood,2012,5912000
Universal Studios Hollywood,2011,5141000
Universal Studios Hollywood,2010,5040000
Universal Studios Hollywood,2009,4308000
Universal Studios Hollywood,2008,4583000
Universal Studios Hollywood,2007,4700000
Universal Studios Hollywood,2006,4700000
La Feria De Chapultepec,2017,1591000
La Feria De Chapultepec,2016,1591000
La Feria De Chapultepec,2015,1584000
La Feria De Chapultepec,2014,1552000
La Feria De Chapultepec,2013,1537000
La Feria De Chapultepec,2012,1537000
Parque Xcaret,2017,1505000
Parque Xcaret,2016,1401000
Parque Xcaret,2015,1287000
Parque Xcaret,2014,1212000
Parque Xcaret,2013,1200000
Mundo Petapa,2017,1239000
Mundo Petapa,2016,1220000
Mundo Petapa,2015,1199000
Mundo Petapa,2014,1138000
Mundo Petapa,2013,1056000
Mundo Petapa,2012,1253000
Plaza De Sesamo,2017,1197000
Plaza De Sesamo,2016,1221000
Plaza De Sesamo,2015,1221000
Plaza De Sesamo,2014,1221000
Plaza De Sesamo,2013,1209000
Plaza De Sesamo,2012,1197000
Parque Mundo Aventura,2017,1153000
Parque Mundo Aventura,2016,1180000
Parque Mundo Aventura,2015,1389000
Parque Mundo Aventura,2014,1423000
Parque Mundo Aventura,2013,1152000
Parque Mundo Aventura,2012,1065000
Fantasialandia,2017,1050000
Fantasialandia,2016,1085000
Fantasialandia,2015,1003000
Fantasialandia,2014,1111000
Fantasialandia,2013,1086000
Fantasialandia,2012,1070000
Hopi Hari,2017,1028000
Hopi Hari,2016,1468000
Hopi Hari,2015,1668000
Hopi Hari,2014,1668000
Hopi Hari,2013,1685000
Hopi Hari,2012,1628000
Theme Parque Nacional Del Cafe,2017,966000
Theme Parque Nacional Del Cafe,2016,1050000
Theme Parque Nacional Del Cafe,2015,1000000
Typhoon Lagoon At Disney World,2017,2163000
Typhoon Lagoon At Disney World,2016,2277000
Typhoon Lagoon At Disney World,2015,2294000
Typhoon Lagoon At Disney World,2014,2185000
Typhoon Lagoon At Disney World,2013,2142000
Typhoon Lagoon At Disney World,2012,2100000
Blizzard Beach At Disney World,2017,1945000
Blizzard Beach At Disney World,2016,2091000
Blizzard Beach At Disney World,2015,2107000
Blizzard Beach At Disney World,2014,2007000
Blizzard Beach At Disney World,2013,1968000
Blizzard Beach At Disney World,2012,1929000
Universal’s Volcano Bay,2017,1500000
Universal’s Volcano Bay,2016,0
Aquatica Orlando,2023,1437000
Aquatica Orlando,2022,1548000
Aquatica Orlando,2021,1147000
Aquatica Orlando,2020,528000
Aquatica Orlando,2019,1533000
Aquatica Orlando,2018,1556000
Aquatica Orlando,2017,1382000
Aquatica Orlando,2016,1536000
Aquatica Orlando,2015,1600000
Aquatica Orlando,2014,1569000
Aquatica Orlando,2013,1553000
Aquatica Orlando,2012,1538000
Aquatica Orlando,2011,1500000
Aquatica Orlando,2010,1500000
Aquatica Orlando,2009,1600000
Aquatica Orlando,2008,950000
Schlitterbahn,2017,1006000
Schlitterbahn,2016,1037000
Schlitterbahn,2015,1037000
Schlitterbahn,2014,1037000
Schlitterbahn,2013,1027000
Schlitterbahn,2012,1017000
Water Country USA,2023,736000
Water Country USA,2022,707000
Water Country USA,2021,700000
Water Country USA,2020,0
Water Country USA,2019,736000
Water Country USA,2018,729000
Water Country USA,2017,711000
Water Country USA,2016,733000
Water Country USA,2015,726000
Water Country USA,2014,726000
Water Country USA,2013,726000
Water Country USA,2012,748000
Water Country USA,2011,723000
Water Country USA,2010,784000
Water Country USA,2009,700000
Water Country USA,2008,758000
Water Country USA,2007,773000
Water Country USA,2006,670000
Adventure Island,2023,640000
Adventure Island,2022,636000
Adventure Island,2021,593000
Adventure Island,2020,125000
Adventure Island,2019,656000
Adventure Island,2018,669000
Adventure Island,2017,631000
Adventure Island,2016,650000
Adventure Island,2015,663000
Adventure Island,2014,644000
Adventure Island,2013,638000
Adventure Island,2012,651000
Adventure Island,2011,644000
Adventure Island,2010,626000
Adventure Island,2009,600000
Adventure Island,2008,603000
Adventure Island,2007,615000
Adventure Island,2006,609000
Six Flags White Water,2017,559000
Six Flags White Water,2016,568000
Six Flags Hurricane Harbor,2017,533000
Six Flags Hurricane Harbor,2016,549000
Six Flags Hurricane Harbor,2015,440000
Six Flags Hurricane Harbor,2014,423000
Six Flags Hurricane Harbor,2013,432000
Six Flags Hurricane Harbor,2012,424000
Splish Splash,2017,513000
Splish Splash,2016,513000
Wet'n'wild Splashtown,2017,476000
Wet'n'wild Splashtown,2016,501000
Wet'n'wild Splashtown,2015,501000
Wet'n'wild Splashtown,2014,497000
Wet N' Wild,2017,467000
Wet N' Wild,2016,481000
Wet N' Wild,2015,481000
Wet N' Wild,2014,467000
Wet N' Wild,2013,472000
Camelbeach,2017,424000
Camelbeach,2016,437000
Camelbeach,2015,437000
Camelbeach,2014,334000
Camelbeach,2012,367000
Dollywood's Splash Country,2017,424000
Dollywood's Splash Country,2016,416000
Dollywood's Splash Country,2015,416000
Dollywood's Splash Country,2014,408000
Dollywood's Splash Country,2013,400000
Typhoon Texas,2017,418000
Typhoon Texas,2016,440000
Typhoon Texas,2015,0
Cedar Point Shores,2017,412000
Cedar Point Shores,2016,392000
Knott's Soak City Usa,2017,399000
Knott's Soak City Usa,2016,391000
Knott's Soak City Usa,2013,368000
Knott's Soak City Usa,2012,350000
Wet 'n Wild Emerald Pointe,2017,398000
Wet 'n Wild Emerald Pointe,2016,398000
Thermas Dos Laranjais,2017,2007000
Thermas Dos Laranjais,2016,1959000
Thermas Dos Laranjais,2015,1761000
Thermas Dos Laranjais,2014,1939000
Thermas Dos Laranjais,2013,1650000
Thermas Dos Laranjais,2012,1300000
Bahamas Aquaventure Water Park,2017,1831000
Bahamas Aquaventure Water Park,2016,1868000
Bahamas Aquaventure Water Park,2015,1868000
Bahamas Aquaventure Water Park,2014,1850000
Bahamas Aquaventure Water Park,2013,450000
Hot Park Rio Quente,2017,1481000
Hot Park Rio Quente,2016,1381000
Hot Park Rio Quente,2015,1288000
Hot Park Rio Quente,2014,1288000
Hot Park Rio Quente,2013,1284000
Beach Park,2017,1028000
Beach Park,2016,1044000
Beach Park,2015,970000
Beach Park,2014,949000
Beach Park,2013,964000
Beach Park,2012,843000
Piscilago,2017,989000
Piscilago,2016,970000
Piscilago,2015,1007000
Piscilago,2014,1018000
Piscilago,2013,1035000
Piscilago,2012,1033000
Parque Acuatico Xocomil,2017,827000
Parque Acuatico Xocomil,2016,838000
Parque Acuatico Xocomil,2015,940000
Parque Acuatico Xocomil,2014,767000
Parque Acuatico Xocomil,2013,786000
Parque Acuatico El Rollo,2017,530000
Parque Acuatico El Rollo,2016,520000
Parque Acuatico El Rollo,2015,510000
Parque Acuatico El Rollo,2014,470000
Parque Acuatico El Rollo,2013,300000
Wet 'n Wild Sao Paulo,2017,476000
Wet 'n Wild Sao Paulo,2016,486000
Wet 'n Wild Sao Paulo,2015,496000
Wet 'n Wild Sao Paulo,2014,496000
Wet 'n Wild Sao Paulo,2013,395000
Thermas Water Park,2017,392000
Thermas Water Park,2016,330000
Thermas Water Park,2015,255000
Rio Water Planet,2017,372000
Rio Water Planet,2016,392000
Rio Water Planet,2015,400000
Rio Water Planet,2014,400000
Rio Water Planet,2013,350000
Chimelong Ocean Kingdom,2023,12520000
Chimelong Ocean Kingdom,2022,4400000
Chimelong Ocean Kingdom,2021,7452000
Chimelong Ocean Kingdom,2020,4797000
Chimelong Ocean Kingdom,2019,11736000
Chimelong Ocean Kingdom,2018,10830000
Chimelong Ocean Kingdom,2017,9788000
Chimelong Ocean Kingdom,2016,8474000
Chimelong Ocean Kingdom,2015,7486000
Chimelong Ocean Kingdom,2014,5504000
Chimelong Ocean Kingdom,2013,11
Lotte World,2017,6714000
Lotte World,2016,8150000
Lotte World,2015,7310000
Lotte World,2014,7606000
Lotte World,2013,7400000
Lotte World,2012,6383000
Everland,2023,5880000
Everland,2022,5770000
Everland,2021,3710000
Everland,2020,2760000
Everland,2019,6606000
Everland,2018,5850000
Everland,2017,6310000
Everland,2016,6970000
Everland,2015,7423000
Everland,2014,7381000
Everland,2013,7303000
Everland,2012,6853000
Nagashima Spa Land,2017,5930000
Nagashima Spa Land,2016,5850000
Nagashima Spa Land,2015,5870000
Nagashima Spa Land,2014,5630000
Nagashima Spa Land,2013,5840000
Nagashima Spa Land,2012,5850000
Ocean Park,2017,5800000
Ocean Park,2016,5996000
Ocean Park,2015,7387000
Ocean Park,2014,7792000
Ocean Park,2013,7475000
Ocean Park,2012,7436000
Universal Studios Singapore,2017,4220000
Universal Studios Singapore,2016,4100000
Universal Studios Singapore,2015,4200000
Universal Studios Singapore,2014,3840000
Universal Studios Singapore,2013,3650000
Universal Studios Singapore,2012,3480000
Chimelong Paradise,2023,5580000
Chimelong Paradise,2022,2300000
Chimelong Paradise,2021,3890000
Chimelong Paradise,2020,2681000
Chimelong Paradise,2019,4905000
Chimelong Paradise,2018,4680000
Chimelong Paradise,2017,4181000
Chimelong Paradise,2016,3836000
Chimelong Paradise,2015,3619000
Chimelong Paradise,2014,3351000
Chimelong Paradise,2013,3200000
Chimelong Paradise,2012,2970000
Oct Window Of The World,2017,3980000
Oct Window Of The World,2016,3910000
Oct Window Of The World,2015,3440000
Oct Window Of The World,2014,3600000
Oct East,2017,3960000
Oct East,2016,3960000
Oct East,2015,3940000
Oct East,2014,3780000
Oct East,2013,3950000
Oct East,2012,4196000
Oct Happy Valley Beijing,2017,3950000
Oct Happy Valley Beijing,2016,3830000
Oct Happy Valley Beijing,2015,3740000
Oct Happy Valley Beijing,2014,3340000
Oct Happy Valley Beijing,2013,3100000
Oct Happy Valley Beijing,2012,3055000
Oct Happy Valley Shenzhen,2017,3900000
Oct Happy Valley Shenzhen,2016,3860000
Oct Happy Valley Shenzhen,2015,3250000
Oct Happy Valley Shenzhen,2014,3300000
Oct Happy Valley Shenzhen,2013,3280000
Oct Happy Valley Shenzhen,2012,3212000
Fantawild Oriental Heritage,2017,3827000
Fantawild Oriental Heritage,2016,3441000
Fantawild Oriental Heritage,2015,0
Fantawild Adventure,2017,3819000
Fantawild Adventure,2016,3509000
Fantawild Adventure,2015,2828000
Fantawild Adventure,2013,2204000
Oct Happy Valley Chengdu,2017,2970000
Oct Happy Valley Chengdu,2016,2550000
Oct Happy Valley Chengdu,2015,2590000
Oct Happy Valley Chengdu,2013,2560000
Oct Happy Valley Chengdu,2012,2445000
Oct Happy Valley Shanghai,2017,2640000
Oct Happy Valley Shanghai,2016,2390000
Oct Happy Valley Shanghai,2015,2340000
Oct Happy Valley Shanghai,2013,2270000
Chimelong Water Park,2023,2807000
Chimelong Water Park,2022,1620000
Chimelong Water Park,2021,2230000
Chimelong Water Park,2020,1512000
Chimelong Water Park,2019,3014000
Chimelong Water Park,2018,2740000
Chimelong Water Park,2017,2690000
Chimelong Water Park,2016,2538000
Chimelong Water Park,2015,2352000
Chimelong Water Park,2014,2259000
Chimelong Water Park,2013,2172000
Chimelong Water Park,2012,2021000
Caribbean Bay,2017,1380000
Caribbean Bay,2016,1430000
Caribbean Bay,2015,1434000
Caribbean Bay,2014,1493000
Caribbean Bay,2013,1623000
Caribbean Bay,2012,1508000
Ocean World,2017,1330000
Ocean World,2016,1473000
Ocean World,2015,1509000
Ocean World,2014,1604000
Ocean World,2013,1700000
Ocean World,2012,1720000
Sunway Lagoon,2017,1300000
Sunway Lagoon,2016,1270000
Sunway Lagoon,2015,1077000
Sunway Lagoon,2014,1100000
Sunway Lagoon,2013,1100000
Sunway Lagoon,2012,1200000
Kaifeng Yinji Water Park,2017,1300000
Kaifeng Yinji Water Park,2016,890000
Wuhu Fantawild Water Park,2017,1204000
Wuhu Fantawild Water Park,2016,1024000
Wuhu Fantawild Water Park,2015,708000
Wuhu Fantawild Water Park,2014,309000
Shenyang Royal Ocean Park — Water World,2017,1200000
Shenyang Royal Ocean Park — Water World,2016,1170000
Shenyang Royal Ocean Park — Water World,2015,1150000
Shenyang Royal Ocean Park — Water World,2014,1172000
Shenyang Royal Ocean Park — Water World,2013,1100000
Wet 'n' Wild Gold Coast,2017,1180000
Wet 'n' Wild Gold Coast,2016,1242000
Wet 'n' Wild Gold Coast,2015,1200000
Wet 'n' Wild Gold Coast,2014,1200000
Wet 'n' Wild Gold Coast,2013,1250000
Sunway Lost World Of Tambun,2017,1000000
Sunway Lost World Of Tambun,2016,1000000
Sunway Lost World Of Tambun,2015,859000
Sunway Lost World Of Tambun,2014,700000
Sunway Lost World Of Tambun,2013,500000
The Jungle Water Adventure,2017,910000
The Jungle Water Adventure,2016,815000
The Jungle Water Adventure,2015,571000
The Jungle Water Adventure,2013,880000
The Jungle Water Adventure,2012,951000
Zhengzhou Fantawild Water Park,2017,898000
Zhengzhou Fantawild Water Park,2016,802000
Zhengzhou Fantawild Water Park,2015,694000
Zhengzhou Fantawild Water Park,2014,220000
Playamaya Water Park,2017,890000
Playamaya Water Park,2016,870000
Playamaya Water Park,2015,630000
Playamaya Water Park,2014,540000
Playamaya Water Park,2012,0
Atlantis Water Adventure,2017,885000
Atlantis Water Adventure,2016,1110000
Atlantis Water Adventure,2015,970000
Atlantis Water Adventure,2014,960000
Atlantis Water Adventure,2013,980000
Atlantis Water Adventure,2012,1000000
Woongjin Playdoci Waterdoci,2017,881000
Woongjin Playdoci Waterdoci,2016,900000
Woongjin Playdoci Waterdoci,2015,898000
Woongjin Playdoci Waterdoci,2014,945000
Woongjin Playdoci Waterdoci,2013,997000
Woongjin Playdoci Waterdoci,2012,1003000
Summerland,2017,812000
Summerland,2016,862000
Summerland,2015,915000
Summerland,2014,884000
Summerland,2013,939000
Summerland,2012,990000
Lotte Water Park,2017,798000
Lotte Water Park,2016,779000
Lotte Water Park,2015,772000
Lotte Water Park,2014,0
Ocean Park Water Adventure,2017,722000
Ocean Park Water Adventure,2016,700000
Ocean Park Water Adventure,2015,804000
Ocean Park Water Adventure,2014,777000
Ocean Park Water Adventure,2013,800000
Ocean Park Water Adventure,2012,750000
Legoland Water Park,2017,700000
Legoland Water Park,2016,700000
Legoland Water Park,2015,700000
Legoland Water Park,2014,630000
Legoland Water Park,2013,0
Adventure Cove Water Park,2017,680000
Adventure Cove Water Park,2016,660000
Adventure Cove Water Park,2015,660000
Adventure Cove Water Park,2014,614000
Adventure Cove Water Park,2013,648000
Adventure Cove Water Park,2012,0
Efteling,2023,5560000
Efteling,2022,5430000
Efteling,2021,3300000
Efteling,2020,2900000
Efteling,2019,5260000
Efteling,2018,5400000
Efteling,2017,5180000
Efteling,2016,4764000
Efteling,2015,4680000
Efteling,2014,4400000
Efteling,2013,4150000
Efteling,2012,4200000
Efteling,2011,4125000
Efteling,2010,4000000
Efteling,2009,4000000
Efteling,2008,3200000
Efteling,2007,3200000
Efteling,2006,3200000
Puy Du Fou,2017,2260000
Puy Du Fou,2016,2220000
Puy Du Fou,2015,2050000
Puy Du Fou,2014,1912000
Puy Du Fou,2013,1740000
Puy Du Fou,2012,1600000
Grona Lund,2018,1676000
Grona Lund,2017,1690000
Grona Lund,2016,1510000
Grona Lund,2015,1461000
Grona Lund,2014,1311000
Grona Lund,2013,1500000
Grona Lund,2012,1408000
Aquaventure Water Park,2017,1350000
Aquaventure Water Park,2016,1430000
Aquaventure Water Park,2015,1400000
Aquaventure Water Park,2014,1400000
Aquaventure Water Park,2012,1300000
Therme Erding,2017,1320000
Therme Erding,2016,1245000
Therme Erding,2015,1235000
Therme Erding,2014,1000000
Aquapalace,2017,1215000
Aquapalace,2016,1023000
Aquapalace,2015,997000
Aquapalace,2014,845000
Siam Park,2017,1209000
Siam Park,2016,1063000
Siam Park,2015,865000
Siam Park,2014,850000
Tropical Islands,2017,1168000
Tropical Islands,2016,1133000
Tropical Islands,2015,1002000
Tropical Islands,2014,1000000
Nettebad,2017,744000
Nettebad,2016,729000
Nettebad,2015,744000
Nettebad,2014,660000
Tiki Pool,2017,700000
Tiki Pool,2016,700000
Tiki Pool,2014,700000
Wild Wadi,2017,697000
Wild Wadi,2016,730000
Wild Wadi,2015,715000
Wild Wadi,2014,725000
Lalandia,2017,680000
Lalandia,2016,692000
Lalandia,2015,680000
Lalandia,2014,680000
Yas Waterworld,2017,550000
Yas Waterworld,2016,600000
Yas Waterworld,2015,650000
Yas Waterworld,2014,675000
Wet 'n Wild,2015,1310000
Wet 'n Wild,2014,1284000
Wet 'n Wild,2013,1259000
Wet 'n Wild,2012,1247000
Six Flags-white Water,2015,541000
Six Flags-white Water,2014,510000
Six Flags-white Water,2013,505000
Six Flags-white Water,2012,505000
Six Flags-hurricane Harbor,2015,549000
Six Flags-hurricane Harbor,2014,523000
Six Flags-hurricane Harbor,2013,518000
Six Flags-hurricane Harbor,2012,508000
Splish-spash,2015,513000
Splish-spash,2014,421000
Splish-spash,2013,411000
Splish-spash,2012,435000
Hyland Hills Water World,2015,444000
Hyland Hills Water World,2014,527000
Hyland Hills Water World,2013,538000
Hyland Hills Water World,2012,538000
Raging Waters,2015,403000
Raging Waters,2014,429000
Raging Waters,2013,423000
Raging Waters,2012,448000
Wet 'n' Wild Sydney,2015,675000
Wet 'n' Wild Sydney,2014,710000
Duinrell Tiki Pool Wassenaar,2015,700000
Wet N' Wild Emerald Point,2014,398000
Wet N' Wild Emerald Point,2013,398000
Parque De La Costa,2014,1020000
Parque De La Costa,2012,1091000
Hangzhou Songcheng Park,2014,5810000
Songcheng Lijiang Romance Park,2014,1730000
Changzhou Dinosaur Park,2014,3700000
Changzhou Dinosaur Park,2013,3600000
Changzhou Dinosaur Park,2012,3400000
Songcheng Sanya Romance Park,2014,1930000
Jiuzhai Songcheng Resort,2014,1880000
Water Kingdom,2014,750000
Water Kingdom,2013,750000
Changde Happy Water World,2014,0
El Salitre MÁgico,2013,1054000
El Salitre MÁgico,2012,958000
Zoombezi Bay,2015,423000
Zoombezi Bay,2014,416000
Zoombezi Bay,2013,360000
Zoombezi Bay,2012,389000
Soak City Cedar Point,2013,379000
Soak City Cedar Point,2012,403000
Songcheng Park,2013,4200000
Songcheng Park,2012,3800000
Window Of The World,2013,3250000
Window Of The World,2012,3170000
Resom Spa Castle,2013,1189000
Resom Spa Castle,2012,1158000
Resom Ocean Castle,2013,685000
Resom Ocean Castle,2012,638000
Whitewater World,2013,506000
Playamaya Water Park Wuhan,2013,740000
Playamaya Water Park Shanghai,2013,570000
Disney’s Typhoon Lagoon At Disney World,2012,2100000
Disney’s Blizzard Beach At Disney World,2012,1929000
Wet 'n’ Wild,2012,1247000
Wet ‘n' Wild,2012,461000
Wet ‘n' Wild Emerald Point,2012,406000
Wet 'n’ Wild Orlando,2012,1247000
Wet ‘n' Wild Phoenix,2012,461000
Yokohama Hakkeijima Sea Paradise,2012,4050000
Zhenzhou Fantawild Adventure,2012,0
Seoulland,2012,2130000
Wet ‘n’ Wild Gold Coast,2012,1200000
Royal Hawaii Water Park,2012,1000000
Duinrell/attraktiepark,2012,1360000
Wet N Wild Gold Coast,2012,1200000
Shenyang Royal Hawaii Water Park,2012,1000000
Universal Studios Hollywood Universal City,2011,5141000
Canada's Wonderland Maple,2011,3481000
Tokyo Disneyland,2023,15100000
Tokyo Disneyland,2022,12000000
Tokyo Disneyland,2021,6300000
Tokyo Disneyland,2020,4160000
Tokyo Disneyland,2019,17910000
Tokyo Disneyland,2018,17907000
Tokyo Disneyland,2017,16600000
Tokyo Disneyland,2016,16540000
Tokyo Disneyland,2015,16600000
Tokyo Disneyland,2014,17300000
Tokyo Disneyland,2013,17214000
Tokyo Disneyland,2012,14847000
Tokyo Disneyland,2011,13683000
Tokyo Disneyland,2010,14452000
Tokyo Disneyland,2009,13646000
Tokyo Disneyland,2008,14293000
Tokyo Disneyland,2007,13906000
Tokyo Disneyland,2006,12900000
Tokyo DisneySea,2023,12400000
Tokyo DisneySea,2022,10100000
Tokyo DisneySea,2021,5800000
Tokyo DisneySea,2020,3400000
Tokyo DisneySea,2019,14650000
Tokyo DisneySea,2018,14651000
Tokyo DisneySea,2017,13500000
Tokyo DisneySea,2016,13460000
Tokyo DisneySea,2015,13600000
Tokyo DisneySea,2014,14100000
Tokyo DisneySea,2013,14084000
Tokyo DisneySea,2012,12656000
Tokyo DisneySea,2011,11664000
Tokyo DisneySea,2010,12663000
Tokyo DisneySea,2009,12004000
Tokyo DisneySea,2008,12498000
Tokyo DisneySea,2007,12413000
Tokyo DisneySea,2006,12100000
Legoland Deutschland,2023,1575000
Legoland Deutschland,2022,1700000
Legoland Deutschland,2021,900000
Legoland Deutschland,2020,750000
Legoland Deutschland,2019,1700000
Legoland Deutschland,2018,1650000
Legoland Deutschland,2017,2150000
Universal Studios Japan,2023,16000000
Universal Studios Japan,2022,12350000
Universal Studios Japan,2021,5500000
Universal Studios Japan,2020,4901000
Universal Studios Japan,2019,14500000
Universal Studios Japan,2018,14300000
Universal Studios Japan,2017,14935000
Universal Studios Japan,2016,14500000
Universal Studios Japan,2015,13900000
Universal Studios Japan,2014,11800000
Universal Studios Japan,2013,10100000
Universal Studios Japan,2012,9700000
Universal Studios Japan,2011,8500000
Universal Studios Japan,2010,8160000
Tivoli Gardens,2020,1628000
Tivoli Gardens,2019,4581000
Tivoli Gardens,2018,4850000
Tivoli Gardens,2017,4640000
Tivoli Gardens,2016,4640000
Tivoli Gardens,2015,4733000
Tivoli Gardens,2014,4478000
Tivoli Gardens,2013,4200000
Tivoli Gardens,2012,4033000
Futuroscope,2023,1975000
Futuroscope,2022,1920000
Futuroscope,2021,1100000
Futuroscope,2020,900000
Futuroscope,2019,1900000
Futuroscope,2018,1850000
Futuroscope,2017,2000000
Futuroscope,2016,1900000
Futuroscope,2015,1800000
Futuroscope,2014,1665000
Futuroscope,2013,1464000
Futuroscope,2012,1730000
Futuroscope,2011,1741000
Futuroscope,2010,1825000
Futuroscope,2009,1700000
Futuroscope,2008,1600000
Futuroscope,2007,1600000
Futuroscope,2006,1350000
"Six Flags Hurricane Harbor, Phoenix",2023,450000
"Six Flags Hurricane Harbor, Phoenix",2022,318000
"Six Flags Hurricane Harbor, Phoenix",2021,309000
"Six Flags Hurricane Harbor, Phoenix",2020,0
"Six Flags Hurricane Harbor, Phoenix",2019,441000
"Six Flags Hurricane Harbor, Phoenix",2018,450000
"Six Flags Hurricane Harbor, SplashTown",2022,343000
"Six Flags Hurricane Harbor, SplashTown",2021,333000
"Six Flags Hurricane Harbor, SplashTown",2020,0
"Six Flags Hurricane Harbor, SplashTown",2019,475000
"Six Flags Hurricane Harbor, SplashTown",2018,475000
"Six Flags Hurricane Harbor, SplashTown",2017,476000
"Six Flags Hurricane Harbor, SplashTown",2016,501000
"Six Flags Hurricane Harbor, SplashTown",2015,501000
"Six Flags Hurricane Harbor, SplashTown",2014,497000
Parque Warner Madrid,2023,2000000
Parque Warner Madrid,2022,1860000
Parque Warner Madrid,2021,1300000
Parque Warner Madrid,2020,450000
Parque Warner Madrid,2019,2232000
Parque Warner Madrid,2018,2185000
Parque Warner Madrid,2017,1840000
Parque Warner Madrid,2016,1800000
Parque Warner Madrid,2015,1641000
Parque Warner Madrid,2014,1460000
Parque Warner Madrid,2013,1160000
Aquatica San Antonio,2023,650000
Aquatica San Antonio,2022,631000
Aquatica San Antonio,2021,586000
Aquatica San Antonio,2020,263000
Aquatica San Antonio,2019,651000
Aquatica San Antonio,2018,645000
Aquatica San Antonio,2017,625000
Rulantica,2023,1200000
Rulantica,2022,900000
Beto Carrero World,2023,2792000
Beto Carrero World,2022,2327000
Beto Carrero World,2021,1895000
Beto Carrero World,2020,1252000
Beto Carrero World,2019,2241000
Beto Carrero World,2018,2200000
Beto Carrero World,2017,2122000
Beto Carrero World,2016,2080000
Beto Carrero World,2015,2000000
Beto Carrero World,2014,1818000
Beto Carrero World,2013,1530000
Beto Carrero World,2012,1500000
